{"entity.minecart.inside":{"sounds":[{"name":"minecart\/inside","volume":0.05}],"replace":true},"entity.minecart.inside.underwater":{"sounds":[{"name":"minecart\/inside_underwater1","volume":0.05},{"name":"minecart\/inside_underwater2","volume":0.05},{"name":"minecart\/inside_underwater3","volume":0.05}],"replace":true},"entity.minecart.riding":{"sounds":[{"name":"minecart\/base","volume":0.05}],"replace":true,"subtitle":"subtitles.entity.minecart.riding"},"weather.rain":{"sounds":[{"name":"ambient\/weather\/rain1","volume":0.05},{"name":"ambient\/weather\/rain2","volume":0.05},{"name":"ambient\/weather\/rain3","volume":0.05},{"name":"ambient\/weather\/rain4","volume":0.05},{"name":"ambient\/weather\/rain5","volume":0.05},{"name":"ambient\/weather\/rain6","volume":0.05},{"name":"ambient\/weather\/rain7","volume":0.05},{"name":"ambient\/weather\/rain8","volume":0.05}],"replace":true,"subtitle":"subtitles.weather.rain"},"weather.rain.above":{"sounds":[{"name":"ambient\/weather\/rain1","volume":0.05},{"name":"ambient\/weather\/rain2","volume":0.05},{"name":"ambient\/weather\/rain3","volume":0.05},{"name":"ambient\/weather\/rain4","volume":0.05}],"replace":true,"subtitle":"subtitles.weather.rain"}}